/*
Navicat MySQL Data Transfer

Source Server         : localhost
Source Server Version : 50721
Source Host           : localhost:3306
Source Database       : gin

Target Server Type    : MYSQL
Target Server Version : 50721
File Encoding         : 65001

Date: 2018-03-08 14:20:08
*/

SET FOREIGN_KEY_CHECKS=0;

-- ----------------------------
-- Table structure for sys_dept
-- ----------------------------
DROP TABLE IF EXISTS `sys_dept`;
CREATE TABLE `sys_dept` (
  `id` int(11) NOT NULL AUTO_INCREMENT COMMENT '主键id',
  `num` int(11) DEFAULT NULL COMMENT '排序',
  `pid` int(11) DEFAULT NULL COMMENT '父部门id',
  `pids` varchar(255) DEFAULT NULL COMMENT '父级ids',
  `simplename` varchar(45) DEFAULT NULL COMMENT '简称',
  `fullname` varchar(255) DEFAULT NULL COMMENT '全称',
  `tips` varchar(255) DEFAULT NULL COMMENT '提示',
  `version` int(11) DEFAULT NULL COMMENT '版本（乐观锁保留字段）',
  PRIMARY KEY (`id`)
) ENGINE=InnoDB AUTO_INCREMENT=33 DEFAULT CHARSET=utf8 COMMENT='部门表';

-- ----------------------------
-- Records of sys_dept
-- ----------------------------
INSERT INTO `sys_dept` VALUES ('24', '1', '0', '[0],', '总公司', '总公司', '', null);
INSERT INTO `sys_dept` VALUES ('25', '2', '24', '[0],[24],', '开发部', '开发部', '', null);
INSERT INTO `sys_dept` VALUES ('26', '3', '24', '[0],[24],', '运营部', '运营部', '', null);
INSERT INTO `sys_dept` VALUES ('27', '4', '24', '[0],[24],', '战略部', '战略部', '', null);

-- ----------------------------
-- Table structure for sys_menu
-- ----------------------------
DROP TABLE IF EXISTS `sys_menu`;
CREATE TABLE `sys_menu` (
  `id` bigint(20) NOT NULL AUTO_INCREMENT COMMENT '主键id',
  `code` varchar(255) DEFAULT NULL COMMENT '菜单编号',
  `pcode` varchar(255) DEFAULT NULL COMMENT '菜单父编号',
  `pcodes` varchar(255) DEFAULT NULL COMMENT '当前菜单的所有父菜单编号',
  `name` varchar(255) DEFAULT NULL COMMENT '菜单名称',
  `icon` varchar(255) DEFAULT NULL COMMENT '菜单图标',
  `url` varchar(255) DEFAULT NULL COMMENT 'url地址',
  `num` int(65) DEFAULT NULL COMMENT '菜单排序号',
  `levels` int(65) DEFAULT NULL COMMENT '菜单层级',
  `ismenu` int(11) DEFAULT NULL COMMENT '是否是菜单（1：是  0：不是）',
  `tips` varchar(255) DEFAULT NULL COMMENT '备注',
  `status` int(11) DEFAULT NULL COMMENT '菜单状态 :  1:启用   0:不启用',
  `isopen` int(11) DEFAULT NULL COMMENT '是否打开:    1:打开   0:不打开',
  PRIMARY KEY (`id`)
) ENGINE=InnoDB AUTO_INCREMENT=171 DEFAULT CHARSET=utf8 COMMENT='菜单表';

-- ----------------------------
-- Records of sys_menu
-- ----------------------------
INSERT INTO `sys_menu` VALUES ('105', 'system', '0', '[0],', '系统管理', 'fa-user', '#', '4', '1', '1', null, '1', '1');
INSERT INTO `sys_menu` VALUES ('106', 'mgr', 'system', '[0],[system],', '用户管理', '', '/mgr', '1', '2', '1', null, '1', '0');
INSERT INTO `sys_menu` VALUES ('107', 'mgr_add', 'mgr', '[0],[system],[mgr],', '添加用户', null, '/mgr/add', '1', '3', '0', null, '1', '0');
INSERT INTO `sys_menu` VALUES ('108', 'mgr_edit', 'mgr', '[0],[system],[mgr],', '修改用户', null, '/mgr/edit', '2', '3', '0', null, '1', '0');
INSERT INTO `sys_menu` VALUES ('109', 'mgr_delete', 'mgr', '[0],[system],[mgr],', '删除用户', null, '/mgr/delete', '3', '3', '0', null, '1', '0');
INSERT INTO `sys_menu` VALUES ('110', 'mgr_reset', 'mgr', '[0],[system],[mgr],', '重置密码', null, '/mgr/reset', '4', '3', '0', null, '1', '0');
INSERT INTO `sys_menu` VALUES ('111', 'mgr_freeze', 'mgr', '[0],[system],[mgr],', '冻结用户', null, '/mgr/freeze', '5', '3', '0', null, '1', '0');
INSERT INTO `sys_menu` VALUES ('112', 'mgr_unfreeze', 'mgr', '[0],[system],[mgr],', '解除冻结用户', null, '/mgr/unfreeze', '6', '3', '0', null, '1', '0');
INSERT INTO `sys_menu` VALUES ('113', 'mgr_setRole', 'mgr', '[0],[system],[mgr],', '分配角色', null, '/mgr/setRole', '7', '3', '0', null, '1', '0');
INSERT INTO `sys_menu` VALUES ('114', 'role', 'system', '[0],[system],', '角色管理', null, '/role', '2', '2', '1', null, '1', '0');
INSERT INTO `sys_menu` VALUES ('115', 'role_add', 'role', '[0],[system],[role],', '添加角色', null, '/role/add', '1', '3', '0', null, '1', '0');
INSERT INTO `sys_menu` VALUES ('116', 'role_edit', 'role', '[0],[system],[role],', '修改角色', null, '/role/edit', '2', '3', '0', null, '1', '0');
INSERT INTO `sys_menu` VALUES ('117', 'role_remove', 'role', '[0],[system],[role],', '删除角色', null, '/role/remove', '3', '3', '0', null, '1', '0');
INSERT INTO `sys_menu` VALUES ('118', 'role_setAuthority', 'role', '[0],[system],[role],', '配置权限', null, '/role/setAuthority', '4', '3', '0', null, '1', '0');
INSERT INTO `sys_menu` VALUES ('119', 'menu', 'system', '[0],[system],', '菜单管理', null, '/menu', '4', '2', '1', null, '1', '0');
INSERT INTO `sys_menu` VALUES ('120', 'menu_add', 'menu', '[0],[system],[menu],', '添加菜单', null, '/menu/add', '1', '3', '0', null, '1', '0');
INSERT INTO `sys_menu` VALUES ('121', 'menu_edit', 'menu', '[0],[system],[menu],', '修改菜单', null, '/menu/edit', '2', '3', '0', null, '1', '0');
INSERT INTO `sys_menu` VALUES ('122', 'menu_remove', 'menu', '[0],[system],[menu],', '删除菜单', null, '/menu/remove', '3', '3', '0', null, '1', '0');
INSERT INTO `sys_menu` VALUES ('131', 'dept', 'system', '[0],[system],', '部门管理', null, '/dept', '3', '2', '1', null, '1', null);
INSERT INTO `sys_menu` VALUES ('135', 'dept_add', 'dept', '[0],[system],[dept],', '添加部门', null, '/dept/add', '1', '3', '0', null, '1', null);
INSERT INTO `sys_menu` VALUES ('136', 'dept_update', 'dept', '[0],[system],[dept],', '修改部门', null, '/dept/update', '1', '3', '0', null, '1', null);
INSERT INTO `sys_menu` VALUES ('137', 'dept_delete', 'dept', '[0],[system],[dept],', '删除部门', null, '/dept/delete', '1', '3', '0', null, '1', null);
INSERT INTO `sys_menu` VALUES ('141', 'notice', 'system', '[0],[system],', '通知管理', null, '/notice', '9', '2', '1', null, '1', null);
INSERT INTO `sys_menu` VALUES ('142', 'notice_add', 'notice', '[0],[system],[notice],', '添加通知', null, '/notice/add', '1', '3', '0', null, '1', null);
INSERT INTO `sys_menu` VALUES ('143', 'notice_update', 'notice', '[0],[system],[notice],', '修改通知', null, '/notice/update', '2', '3', '0', null, '1', null);
INSERT INTO `sys_menu` VALUES ('144', 'notice_delete', 'notice', '[0],[system],[notice],', '删除通知', null, '/notice/delete', '3', '3', '0', null, '1', null);
INSERT INTO `sys_menu` VALUES ('145', 'hello', '0', '[0],', '通知', 'fa-rocket', '/notice/hello', '1', '1', '1', null, '1', null);
INSERT INTO `sys_menu` VALUES ('150', 'to_menu_edit', 'menu', '[0],[system],[menu],', '菜单编辑跳转', '', '/menu/menu_edit', '4', '3', '0', null, '1', null);
INSERT INTO `sys_menu` VALUES ('151', 'menu_list', 'menu', '[0],[system],[menu],', '菜单列表', '', '/menu/list', '5', '3', '0', null, '1', null);
INSERT INTO `sys_menu` VALUES ('152', 'to_dept_update', 'dept', '[0],[system],[dept],', '修改部门跳转', '', '/dept/dept_update', '4', '3', '0', null, '1', null);
INSERT INTO `sys_menu` VALUES ('153', 'dept_list', 'dept', '[0],[system],[dept],', '部门列表', '', '/dept/list', '5', '3', '0', null, '1', null);
INSERT INTO `sys_menu` VALUES ('154', 'dept_detail', 'dept', '[0],[system],[dept],', '部门详情', '', '/dept/detail', '6', '3', '0', null, '1', null);
INSERT INTO `sys_menu` VALUES ('162', 'to_role_edit', 'role', '[0],[system],[role],', '修改角色跳转', '', '/role/role_edit', '5', '3', '0', null, '1', null);
INSERT INTO `sys_menu` VALUES ('163', 'to_role_assign', 'role', '[0],[system],[role],', '角色分配跳转', '', '/role/role_assign', '6', '3', '0', null, '1', null);
INSERT INTO `sys_menu` VALUES ('164', 'role_list', 'role', '[0],[system],[role],', '角色列表', '', '/role/list', '7', '3', '0', null, '1', null);
INSERT INTO `sys_menu` VALUES ('165', 'to_assign_role', 'mgr', '[0],[system],[mgr],', '分配角色跳转', '', '/mgr/role_assign', '8', '3', '0', null, '1', null);
INSERT INTO `sys_menu` VALUES ('166', 'to_user_edit', 'mgr', '[0],[system],[mgr],', '编辑用户跳转', '', '/mgr/user_edit', '9', '3', '0', null, '1', null);
INSERT INTO `sys_menu` VALUES ('167', 'mgr_list', 'mgr', '[0],[system],[mgr],', '用户列表', '', '/mgr/list', '10', '3', '0', null, '1', null);

-- ----------------------------
-- Table structure for sys_notice
-- ----------------------------
DROP TABLE IF EXISTS `sys_notice`;
CREATE TABLE `sys_notice` (
  `id` int(11) NOT NULL AUTO_INCREMENT COMMENT '主键',
  `title` varchar(255) DEFAULT NULL COMMENT '标题',
  `type` int(11) DEFAULT NULL COMMENT '类型',
  `content` text COMMENT '内容',
  `createtime` datetime DEFAULT NULL COMMENT '创建时间',
  `creater` int(11) DEFAULT NULL COMMENT '创建人',
  PRIMARY KEY (`id`)
) ENGINE=InnoDB AUTO_INCREMENT=9 DEFAULT CHARSET=utf8 COMMENT='通知表';

-- ----------------------------
-- Records of sys_notice
-- ----------------------------
INSERT INTO `sys_notice` VALUES ('6', '世界', '10', '欢迎使用Guns管理系统', '2017-01-11 08:53:20', '1');
INSERT INTO `sys_notice` VALUES ('8', '你好', null, '你好', '2017-05-10 19:28:57', '1');

-- ----------------------------
-- Table structure for sys_relation
-- ----------------------------
DROP TABLE IF EXISTS `sys_relation`;
CREATE TABLE `sys_relation` (
  `id` int(11) NOT NULL AUTO_INCREMENT COMMENT '主键',
  `menuid` bigint(11) DEFAULT NULL COMMENT '菜单id',
  `roleid` int(11) DEFAULT NULL COMMENT '角色id',
  PRIMARY KEY (`id`)
) ENGINE=InnoDB AUTO_INCREMENT=3842 DEFAULT CHARSET=utf8 COMMENT='角色和菜单关联表';

-- ----------------------------
-- Records of sys_relation
-- ----------------------------
INSERT INTO `sys_relation` VALUES ('3679', '105', '1');
INSERT INTO `sys_relation` VALUES ('3680', '106', '1');
INSERT INTO `sys_relation` VALUES ('3681', '107', '1');
INSERT INTO `sys_relation` VALUES ('3682', '108', '1');
INSERT INTO `sys_relation` VALUES ('3683', '109', '1');
INSERT INTO `sys_relation` VALUES ('3684', '110', '1');
INSERT INTO `sys_relation` VALUES ('3685', '111', '1');
INSERT INTO `sys_relation` VALUES ('3686', '112', '1');
INSERT INTO `sys_relation` VALUES ('3687', '113', '1');
INSERT INTO `sys_relation` VALUES ('3688', '165', '1');
INSERT INTO `sys_relation` VALUES ('3689', '166', '1');
INSERT INTO `sys_relation` VALUES ('3690', '167', '1');
INSERT INTO `sys_relation` VALUES ('3691', '114', '1');
INSERT INTO `sys_relation` VALUES ('3692', '115', '1');
INSERT INTO `sys_relation` VALUES ('3693', '116', '1');
INSERT INTO `sys_relation` VALUES ('3694', '117', '1');
INSERT INTO `sys_relation` VALUES ('3695', '118', '1');
INSERT INTO `sys_relation` VALUES ('3696', '162', '1');
INSERT INTO `sys_relation` VALUES ('3697', '163', '1');
INSERT INTO `sys_relation` VALUES ('3698', '164', '1');
INSERT INTO `sys_relation` VALUES ('3699', '119', '1');
INSERT INTO `sys_relation` VALUES ('3700', '120', '1');
INSERT INTO `sys_relation` VALUES ('3701', '121', '1');
INSERT INTO `sys_relation` VALUES ('3702', '122', '1');
INSERT INTO `sys_relation` VALUES ('3703', '150', '1');
INSERT INTO `sys_relation` VALUES ('3704', '151', '1');
INSERT INTO `sys_relation` VALUES ('3710', '131', '1');
INSERT INTO `sys_relation` VALUES ('3711', '135', '1');
INSERT INTO `sys_relation` VALUES ('3712', '136', '1');
INSERT INTO `sys_relation` VALUES ('3713', '137', '1');
INSERT INTO `sys_relation` VALUES ('3714', '152', '1');
INSERT INTO `sys_relation` VALUES ('3715', '153', '1');
INSERT INTO `sys_relation` VALUES ('3716', '154', '1');
INSERT INTO `sys_relation` VALUES ('3727', '141', '1');
INSERT INTO `sys_relation` VALUES ('3728', '142', '1');
INSERT INTO `sys_relation` VALUES ('3729', '143', '1');
INSERT INTO `sys_relation` VALUES ('3730', '144', '1');
INSERT INTO `sys_relation` VALUES ('3732', '145', '1');
INSERT INTO `sys_relation` VALUES ('3821', '105', '5');
INSERT INTO `sys_relation` VALUES ('3822', '106', '5');
INSERT INTO `sys_relation` VALUES ('3823', '107', '5');
INSERT INTO `sys_relation` VALUES ('3824', '108', '5');
INSERT INTO `sys_relation` VALUES ('3825', '109', '5');
INSERT INTO `sys_relation` VALUES ('3826', '110', '5');
INSERT INTO `sys_relation` VALUES ('3827', '111', '5');
INSERT INTO `sys_relation` VALUES ('3828', '112', '5');
INSERT INTO `sys_relation` VALUES ('3829', '113', '5');
INSERT INTO `sys_relation` VALUES ('3830', '114', '5');
INSERT INTO `sys_relation` VALUES ('3831', '115', '5');
INSERT INTO `sys_relation` VALUES ('3832', '116', '5');
INSERT INTO `sys_relation` VALUES ('3833', '117', '5');
INSERT INTO `sys_relation` VALUES ('3834', '118', '5');
INSERT INTO `sys_relation` VALUES ('3835', '119', '5');
INSERT INTO `sys_relation` VALUES ('3836', '120', '5');
INSERT INTO `sys_relation` VALUES ('3837', '121', '5');
INSERT INTO `sys_relation` VALUES ('3838', '122', '5');
INSERT INTO `sys_relation` VALUES ('3839', '150', '5');
INSERT INTO `sys_relation` VALUES ('3840', '151', '5');
INSERT INTO `sys_relation` VALUES ('3841', '145', '5');

-- ----------------------------
-- Table structure for sys_role
-- ----------------------------
DROP TABLE IF EXISTS `sys_role`;
CREATE TABLE `sys_role` (
  `id` int(11) NOT NULL AUTO_INCREMENT COMMENT '主键id',
  `num` int(11) DEFAULT NULL COMMENT '序号',
  `pid` int(11) DEFAULT NULL COMMENT '父角色id',
  `name` varchar(255) DEFAULT NULL COMMENT '角色名称',
  `deptid` int(11) DEFAULT NULL COMMENT '部门名称',
  `tips` varchar(255) DEFAULT NULL COMMENT '提示',
  `version` int(11) DEFAULT NULL COMMENT '保留字段(暂时没用）',
  PRIMARY KEY (`id`)
) ENGINE=InnoDB AUTO_INCREMENT=6 DEFAULT CHARSET=utf8 COMMENT='角色表';

-- ----------------------------
-- Records of sys_role
-- ----------------------------
INSERT INTO `sys_role` VALUES ('1', '1', '0', '超级管理员', '24', 'administrator', '1');
INSERT INTO `sys_role` VALUES ('5', '2', '1', '临时', '26', 'temp', null);

-- ----------------------------
-- Table structure for sys_user
-- ----------------------------
DROP TABLE IF EXISTS `sys_user`;
CREATE TABLE `sys_user` (
  `id` int(11) NOT NULL AUTO_INCREMENT COMMENT '主键id',
  `avatar` varchar(255) DEFAULT NULL COMMENT '头像',
  `account` varchar(45) DEFAULT NULL COMMENT '账号',
  `password` varchar(45) DEFAULT NULL COMMENT '密码',
  `salt` varchar(45) DEFAULT NULL COMMENT 'md5密码盐',
  `name` varchar(45) DEFAULT NULL COMMENT '名字',
  `birthday` datetime DEFAULT NULL COMMENT '生日',
  `sex` int(11) DEFAULT NULL COMMENT '性别（1：男 2：女）',
  `email` varchar(45) DEFAULT NULL COMMENT '电子邮件',
  `phone` varchar(45) DEFAULT NULL COMMENT '电话',
  `roleid` varchar(255) DEFAULT NULL COMMENT '角色id',
  `deptid` int(11) DEFAULT NULL COMMENT '部门id',
  `status` int(11) DEFAULT NULL COMMENT '状态(1：启用  2：冻结  3：删除）',
  `createtime` datetime DEFAULT NULL COMMENT '创建时间',
  `version` int(11) DEFAULT NULL COMMENT '保留字段',
  PRIMARY KEY (`id`)
) ENGINE=InnoDB AUTO_INCREMENT=50 DEFAULT CHARSET=utf8 COMMENT='管理员表';

-- ----------------------------
-- Records of sys_user
-- ----------------------------
INSERT INTO `sys_user` VALUES ('1', 'girl.gif', 'admin', '7e5ab0fc4fce880bca7c0bd8cbe4c2c0', '8pgby', '张三', '2017-05-05 00:00:00', '2', 'sn93@qq.com', '18200000000', '1', '27', '1', '2018-03-07 11:46:52', '25');
INSERT INTO `sys_user` VALUES ('44', null, 'test', '45abb7879f6a8268f1ef600e6038ac73', 'ssts3', 'test', '2017-05-01 00:00:00', '1', 'abc@123.com', '', '5', '26', '3', '2017-05-16 20:33:37', null);
INSERT INTO `sys_user` VALUES ('45', null, 'boss', '679f540ae8d3e1634833f67155116101', '1f7bf', '老板', '2017-12-04 00:00:00', '1', '', '', '1', '24', '1', '2017-12-04 22:24:02', null);
INSERT INTO `sys_user` VALUES ('46', '', 'manager', '6430c8d0f22580e1b4fd93ec27cccaf7', 'j3cs9', '经理', '2017-12-04 00:00:00', '1', '', '', '1', '24', '1', '2018-03-07 11:46:22', null);